"id","site","job_url","job_url_direct","title","company","location","date_posted","job_type","salary_source","interval","min_amount","max_amount","currency","is_remote","job_level","job_function","listing_type","emails","description","company_industry","company_url","company_logo","company_url_direct","company_addresses","company_num_employees","company_revenue","company_description","skills","experience_range","company_rating","company_reviews_count","vacancy_count","work_from_home_type","date_scraped","search_query"
"in-8cae08740f7f26ca","indeed","https://www.indeed.com/viewjob?jk=8cae08740f7f26ca","https://evoportalus.tracker-rms.com/LinkTechnologies/apply?jobcode=7306","Accela Senior Business Analyst","Link Technologies","Westminster, CO, US","2025-06-18","fulltime, contract","direct_data","yearly",124800.0,135200.0,"USD",True,"","","","","Link Technologies (LinkTechConsulting.com), a Las Vegas-based IT consulting firm, is currently seeking an Accela Senior Business Analyst to join our team.

***JOB SUMMARY***  
This position serves as a liaison between business users, functional subject matter experts, systems analysts, and technical developers. Responsibilities include analyzing business processes by assessing current and future state process flows, documenting process diagrams, eliciting and documenting requirements, performing system fit/gap analysis, contributing to design specifications, developing and overseeing technology-related request for proposals, and participating in systems testing. As a key member of technology services, this role contributes to delivering high customer value through innovative solutions and plays a crucial part in exceeding customer expectations.

***QUALIFICATIONS***

* Bachelor's Degree in computer science, information systems, business administration, mathematics or a related field. o Additional appropriate type and level of experience may be substituted for the minimum education requirement on a one (1) year for one (1) year basis.

***Minimum of five (5) years of recent, professional-level experience in business analysis, including at least two (2) years in a lead role on projects of varying sizes. This experience should include:***

* Leading process analysis and improvement initiatives that span multiple teams or departments.
* Identifying and delivering enterprise-wide system enhancement recommendations.
* Conducting technical evaluations in complex, highly integrated software system environments.
* Developing process and system diagrams to document current and future state operations.
* Producing end-user training documentation or converting technical content into training materials.
* Creating process handoff and system integration diagrams across interconnected systems.
* Collaborating effectively with peers, customers, and vendors to achieve shared outcomes.
* Assisting both technical and non-technical stakeholders in understanding the impact of process handoffs on requirements and system integrations.
* Clearly documenting workflows for use by internal teams and organizational leadership.
* Defining requirements to integrate new tools into existing technical infrastructure.

***ADDITIONAL SKILLS REQUIRED***

* Must be able to obtain CJIS Certification within 90 days from start date.
* Strong written and verbal communication skills.
* Highly self-motivated with strong organizational abilities.
* Focused on delivering exceptional customer experiences.
* Proficient in facilitating customer interactions and engagements.
* Skilled in problem analysis and root cause identification.
* Effective in preparing and delivering presentations on a variety of topics.
* Experienced in building consensus and managing conflict.
* Capable of conducting successful negotiations.

***PREFERRED EXPERIENCE***

* Experience across a broad spectrum of technology solutions
* ITIL/ITSM
* Agile/Scrum
* Business Process Management (BPM)
* Lean Six Sigma / Lean process development
* Change Management
* Business case development and delivery
* Accela or similar workflow platforms
* Experience with AI tools is a plus
* Microsoft Office including Visio, Azure DevOps

***RESPONSIBILITIES***

* Act as principal liaison for business stakeholders and as a key point-of-contact to technology services, internal/external agencies, and vendors on their behalf.
* Facilitate team understanding and elicit requirements for systems, integrations, and future state functionality.
* Partner with business stakeholders to identify problems/opportunities, assist in developing these into project/initiatives, and work within technology services to move these into the project pipeline.
* Understand business processes and system capabilities for complex, integrated systems.
* Work with vendors to understand system intricacies and process needs to advocate for the best possible solution.
* Utilize Azure Dev Ops (ADO) for all project tracking purposes.
* Create functional process fit/gap analysis documentation which identifies and recommends resolution of any process, system, and integration related gaps.
* Make suggestions for any as-is or to-be processes which are lacking and/or present a risk and help mitigate them, before they become an issue.
* Follow TS best practices: documentation, project, and change management processes.
* Collaborate with business stakeholders, technology services teams, internal/external agencies, vendors, et. al to support the organization’s mission, vision, and goals.

***Pay range: $60-$65/hr***

Link Technologies is an equal opportunity employer. All qualified applicants will receive consideration for employment without discrimination based on race, color, religion, sex, gender identity/expression, sexual orientation, national origin, protected veteran status, disability, or any other factors protected by law.

Job Types: Full-time, Contract

Pay: $60.00 - $65.00 per hour

Expected hours: 40 per week

Benefits:

* Dental insurance
* Health insurance
* Vision insurance

Work Location: Hybrid remote in Westminster, CO 80031","","https://www.indeed.com/cmp/Link-Technologies","","","","","","","","","","","","","2025-06-19 05:32:38.269638","Business Analyst (Longmont, Local)"
"in-7a4a550cce981ffa","indeed","https://www.indeed.com/viewjob?jk=7a4a550cce981ffa","https://aes.wd1.myworkdayjobs.com/AES_US/job/US-Louisville-CO/Senior-Analyst--Development-Operations_R1060626-2","Senior Analyst, Development Operations","AES Corporation","Louisville, CO, US","2025-06-17","fulltime","direct_data","yearly",85000.0,102000.0,"USD",False,"","","","","Are you ready to be part of a company that's not just talking about the future, but actively shaping it? Join The AES Corporation (NYSE: AES), a **Fortune 500 company** that's leading the charge in the global energy revolution. With operations spanning **14 countries**, AES is committed to shaping a future through innovation and collaboration. Our dedication to innovation has earned us recognition as one of the **Top Ten Best Workplaces for Innovators** by Fast Company in 2022. And with our certification as a **Great Place to Work**, you can be confident that you're joining a company that values its people just as much as its groundbreaking ideas.

AES is proudly **ranked #1 globally** in renewable energy sales to corporations, and with **$12.7B in revenues in 2023**, we have the resources and expertise to make a significant impact as we provide electricity to **25 million customers worldwide.** As the world moves towards a net-zero future, AES is committed to meeting the Paris Agreement's goals by 2050. Our innovative solutions, such as **24/7 carbon-free energy** for data centers, are setting the pace for rapid, global decarbonization.

If you're ready to be part of a company that's not just adapting to change, but driving it, AES is the place for you. We're not just building a cleaner, more sustainable future - we're powering it. Apply now and energize your career with a true leader in the global energy transformation.

**Position:** **Senior** **Analyst****, Development Operations**

**Location: Louisville, Colorado**

The Senior Analyst will serve as a key member of the Development Operations (DevOps) team. DevOps sits within AES Clean Energy’s Development organization with the goal of supporting project developers, Development leadership, and decision-makers within AES Clean Energy. The role is situated in a dynamic team, company and industry, providing high potential for advancement.

DevOps involves coordinating between regional development teams and collaborating with other entities within AES Clean Energy. The team’s responsibility includes building and managing the Development budget, Project Prioritization, forecasting the Development pipeline, process improvement, and team coordination.

The Senior Analyst will gain unparalleled experience into how a renewable energy company operates, grows, and makes decisions in a changing and uncertain environment. The position includes a high degree of exposure to senior decision-makers in AES Clean Energy and involves providing high quality inputs and context for decisions surrounding the Development budget and strategic direction.

**Primary Responsibilities**

Finance and Budget

* Coordinate with regional Development teams for inputs and work with Finance to refine budget within necessary constraints. The Senior Analyst (along with other team members) will also prepare materials with context and analysis for budget meetings and decision-makers.

* Collect, conduct quality control analysis, and collate individual project budgets from developers throughout budget process. Provide guidance to developers on budget content and build market level understanding of portfolio status.

* Run key budget analysis including but not limited to scenario analysis related to 5+ year budget horizons, acquisition vs greenfield comparisons, and contingency planning.

* Serve as key contributor to Project Prioritization workstream. Contribute insights towards improvement and efficiency of the workstream.

* Complete ad hoc budget requests and analysis as needed.

Pipeline Forecasting

* Serve as key contributor to Development’s Pipeline Forecast. This will include organizing and facilitating meetings with market leadership and validating and maintaining data. Contributions to forecasting also include highlighting key changes and flagging characteristics of pipeline that may point toward shifts in strategy.

* Analyze key pipeline data including Placed in Service timing and probabilities, project categories, and equipment delivery needs. Produce periodic forecast for internal use.

Process improvement, Team Development, and Ad Hoc workstreams

* Provide input on key systems and processes, lead process change workstreams with input from other team leaders

* Contribute to Team events (ex. All Hands, Dev Leaders, etc.) including preparing slides and key data at request as well as generating ideas for content

* Support other ad hoc requests when necessary

**Position Requirements**

Approach to Work

* Lives AES values: safety, highest standards, and an “all together” approach

* Growth mindset: curiosity, desire to learn, self-driven, desire to improve skills

* Ability to work from AES’s Louisville, CO office multiple days per week

* Willingness to travel as needed; anticipated travel is 5-10% of time

Skills

* Excellent presentation and communication skills, including with senior leaders

* Able to manage multiple priorities in a fast-paced environment

* Creative approach to problem-solving, including in ambiguous and/or dynamic environments

* Excellent quantitative and analytical skills, especially in MS Excel

* Ability to quickly learn new tools and systems

Qualifications

* Demonstrated motivation and interest to work in renewable energy

* 2-5 years of work experience in energy, finance, or related field

* Undergraduate degree, ideally with coursework or work experience in renewable energy sector or other exposure to the energy industry

* Proficient in MS Office suite, including PowerPoint and Excel, and ability to create and design visually compelling presentations

  
AES is an Equal Opportunity Employer who is committed to building strength and delivering long-term sustainability through diversity and inclusion. Respecting all backgrounds, differences and perspectives enables us to improve the lives of our people, customers, suppliers, contractors, and the communities in which we live and work. All qualified applicants will receive consideration for employment without regard to sex, sexual orientation, gender, gender identity and/or expression, race, national origin, ethnicity, age, religion, marital status, physical or mental disability, pregnancy, childbirth, or related medical condition, military or veteran status, or any other characteristic protected under applicable law. E-Verify Notice: AES will provide the Social Security Administration (SSA) and if necessary, the Department of Homeland Security (DHS) with information from each new employee's I-9 to confirm work authorization.The expected salary for this position, at commencement of employment, is between $85,000 and $102,000/Annual; however, base pay offered may vary depending on multiple individualized factors, including market location, job-related knowledge, skills, and experience. The total compensation package for this position may also include other elements such as annual bonus, in addition to a full range of medical, dental, vision, life, financial, and/or other benefits (including 401(k) eligibility and various paid time off benefits, such as vacation, sick time, and parental leave), dependent on the position offered. Details of participation in these benefit plans will be provided if a candidate receives an offer of employment. If hired, employee will be in an “at-will position” and the Company reserves the right to modify base salary (as well as any other discretionary payment or compensation program) at any time, including for reasons related to individual performance, Company or individual department/team performance, and market factors.","","https://www.indeed.com/cmp/AES-Corporation","https://d2q79iu7y748jz.cloudfront.net/s/_squarelogo/256x256/c5ebb5d16a680b500be95025cb70a936","",".","51 to 200","$5M to $25M (USD)",".","","","","","","","2025-06-19 05:32:38.269638","Business Analyst (Longmont, Local)"
"li-4253108165","linkedin","https://www.linkedin.com/jobs/view/4253108165","https://jobs.vailresortscareers.com/corporate/job/Hybrid-Senior-Business-Architect-Remo/1300192000/?utm_source=linkedin&urlHash=kXCv","Senior Business Architect","Vail Resorts","Broomfield, CO","","fulltime","description","yearly",92396.0,119000.0,"USD",True,"mid-senior level","Business Development and Sales","","","Our mission is to create the Experience of a Lifetime for our employees, so they can, in turn, create the Experience of a Lifetime for our guests. We own and operate the most renowned destination resorts in the world as well as regional and local ski areas outside major cities, and connect them all through one unrivaled network. We are looking for ambitious leaders, innovators and creators to join our talented team. If you’re ready to pursue your fullest potential, we want to get to know you!
  
  
Candidates for year-round positions are reviewed on a rolling basis. Applications will be accepted up to 90 days after the posting date, or until the position is filled (whichever is first).
  
  
**Job Summary**
We are seeking an experienced Senior Business Architect with a strong agile background to join the Resort Application Development Team. This role will be responsible for leading solution assessments, providing domain subject expertise, and mentoring business analysts. Reporting directly to the Director of Project Management, this role will have the opportunity to contribute to a variety of projects across lines of business. Successful candidates will establish themselves as leaders capable of effectively partnering with business stakeholders and cross-functional technology teams to design software solutions.
  
  
**Job Specifications**

* Starting Wage: $92,396.70 - $119,000.00 + annual bonus
* Employment Type: Year Round
* Shift Type: Full Time
* Housing Availability: No

**Job Responsibilities**
**Drive Value: Achieve solution excellence through effective business analysis**

* Engage with appropriate stakeholders to facilitate agreement on solution scope, business requirements, and success metrics.
* Integrate “big picture” thinking with solution analysis, planning for future business needs and extensibility of solution architecture.
* Support solution teams with navigating ambiguity and breaking down complex problems into functional and technical requirements.
* Define realistic solutions and perform gap analysis, ensuring a mutual understanding of functional scope and phased delivery options.
* Work independently to organize assessment approach, synthesize assessment findings, and track down needed information to complete assessments.

**Serve Others: Inspire trust and build productive relationships with key stakeholders and**
**agile delivery teams**

* Engage broadly and deeply across the organization to quickly connect information and facilitate positive project outcomes.
* Serve as a subject matter expert in routinely briefing key stakeholders and leadership on solution details, emphasizing areas of risk, uncertainty and complexity.
* Build trust with peers and external teams, managing tension between varying viewpoints and stakeholder interests.
* Explain “the why” to team members and educate them of business decisions.
* Collaborate on assessment materials and leadership presentations, simplifying content and distilling key points appropriate for the audience.

**Do Good: Create an environment of continual improvement internally and with cross-functional teams and business partners**

* Demonstrate the ability to learn through curiosity and flexible thinking as new challenges arise.
* Take bold steps to enhance current assessment process and develop methods to track results over time.
* Contribute to Vail’s talent philosophy and help business analysts grow in their roles and career objectives.
* Think critically about assessment roadmaps, prioritization, and ways of working, sharing insights with leaders and attending Project Delivery Leadership meetings.

**Do Right: Anticipate the needs of key leadership and facilitate as well as motivate those**
**around you to identify solutions**

* Ensure candid communication about potential risks, collaborating with the delivery team to identify options and advising stakeholders of mitigation tactics.
* Guide the delivery team through change adoption, based on newly identified business needs and portfolio demand.
* Ensure solutions adhere to the software delivery lifecycle and satisfy SOX and PCI requirements for the organization.

**Have Fun: Demonstrate passion for helping teams connect with their purpose and enjoy**
**their contributions**

* Identify opportunities to connect virtually and in person to celebrate project accomplishments.
* Share feedback from stakeholders with the team, helping them to understand the positive impact of their collective contributions.

**Be Inclusive: Welcome new team members and encourage a culture of belonging for all**
**team members**

* Attend diversity, equity, and inclusion training and company sponsored events, as available.
* Acknowledge the importance of inclusivity in software design decisions.

**Be Safe: Create a team culture focused on psychological safety and trust**

* Focus on being a business leader first and foremost.
* Lead through persuasion and value versus role authority, empowering team members to express their viewpoints.

**Job Requirements**

* 3+ years as a Senior Business Analyst with increasing responsibility.
* Adept as using MS Office, Visio, PowerPoint, JIRA, Confluence, and prototyping tools.
* Experience in MS Development Technologies, including VB6, .Net, SQL Server, SSRS, SSIS, etc.
* Requirements gathering and documentation skills.
* Process and technical writing skills.
* Ability to work on multiple projects/tasks simultaneously.
* Proven organizational and time management skills.

The expected Total Compensation for this role is $92,396.70 - $119,000.00 + annual bonus. Individual compensation decisions are based on a variety of factors.
  
  
**Job Benefits**

* Ski/Mountain Perks! Free passes for employees, employee discounted lift tickets for friends and family AND free ski lessons
* MORE employee discounts on lodging, food, gear, and mountain shuttles
* 401(k) Retirement Plan
* Employee Assistance Program
* Excellent training and professional development

**Full Time Roles Are Eligible For The Above, Plus**

* Health Insurance; Medical Insurance, Dental Insurance, and Vision Insurance plans (for eligible seasonal employees after working 500 hours)
* Free ski passes for dependents
* Critical Illness and Accident plans

Employees can work remotely from British Columbia, Washington D.C., and the 16 U.S. states\\* in which we currently operate. This includes: California, Colorado, Indiana, Michigan, Minnesota, Missouri, New Hampshire, New York, Nevada, Ohio, Pennsylvania, Utah, Vermont, Washington State, Wisconsin, and Wyoming.
  
  
Please note that the ability to work in person or off-site, and the particulars related to such work, are subject to change at any time; and, accordingly, the Company reserves the right to change its policies and/or require in-person/in-office work or off-site work at any time in its sole discretion.
  
  
In completing this application, and when submitting related documentation, applicants may redact information that identifies their age, date of birth, and/or dates of attendance at or graduation from an educational institution.
  
  
We follow all federal, state, and local laws including restrictions on child/minor labor. Minors hired into this position will not be asked or permitted to engage in any activities restricted to adult workers.
  
  
Vail Resorts is an equal opportunity employer. Qualified applicants will receive consideration for employment without regard to race, color, religion, sex, national origin, sexual orientation, gender identity, disability, protected veteran status or any other status protected by applicable law.
  
  
*Requisition ID 509063*
*Reference Date: 06/06/2025
  
  
*Job Code Function: Applications**","Hospitality","https://www.linkedin.com/company/vail-resorts","https://media.licdn.com/dms/image/v2/D560BAQHGM5vUZO5PVQ/company-logo_100_100/company-logo_100_100/0/1698338545326/vail_resorts_logo?e=2147483647&v=beta&t=uX1XyNy3w0Tq9uL4uF9KdicMLryso5gAlQnLlBM7SnA","","","","","","","","","","","","2025-06-19 05:32:38.269638","Business Analyst (Longmont, Local)"
"li-4239565971","linkedin","https://www.linkedin.com/jobs/view/4239565971","https://trimblecareers.trimble.com/careers/job/171828015203?microsite=trimble.com&domain=trimble.com&src=LinkedIN&urlHash=Il7C","Business Systems Analyst / Project Manager","Trimble Inc.","Westminster, CO","","fulltime","","","","","",True,"mid-senior level","Other","","AskPX@px.trimble.com","**TAP Business Systems Analyst Job Description**
****Your Title:**
Business Systems Analyst/PM (P3)**
****Job Location:**
Westminster, CO, OR Remote**
****Our Department:**
Trimble Advanced Positioning**
***Are you interested in identifying and delivering disruptive cutting-edge technologies? Your role will be pivotal in delivering excellence!***
**About Trimble**
**Trimble is transforming the way the world works by delivering products and services that connect the physical and digital worlds. Our core technologies in positioning, modeling, connectivity, and data analytics enable customers to improve productivity, quality, safety, and sustainability in a variety of industries including agriculture, construction, geospatial, and transportation.**
****What You Will Do****
**Trimble is looking for a dynamic and experienced Business Analyst and Project Manager to join our team. In this role, you will act as a liaison between business stakeholders and our technical teams, ensuring that business needs are translated into effective technical solutions. You will be responsible for understanding our business systems, integrations, and processes, with a focus on identifying areas for improvement. This position requires a blend of strong analytical thinking, exceptional organizational skills, and proven project management experience. The ideal candidate will be adept at analyzing business processes, identifying opportunities for improvement, and managing projects to achieve our strategic objectives. You will also be responsible for driving process and performance improvements, simplifying existing processes for scalability, and defining key success metrics. Additionally, you will create and manage dashboards to track progress, analyze data, and share insights.**
**Key Responsibilities**

* Business Analysis:

+ Collaboration: Working closely with stakeholders to understand and document their needs and expectations for the business.
+ Process Analysis: Examining existing business processes to pinpoint areas where efficiency and effectiveness can be enhanced.
+ Requirements Development: Creating comprehensive documentation of business requirements, functional specifications, and process flows to guide solution development.
+ Feasibility Studies: Conducting studies to assess the practicality and potential impact of proposed solutions.
+ Facilitation: Leading workshops and meetings to gather input from stakeholders and confirm that solutions meet their needs.
+ Alignment: Ensuring that the business requirements identified and the solutions proposed are in line with the overall goals and objectives of the organization.

* Project Management:

+ Project Planning and Execution: Lead projects from initiation to closure, ensuring adherence to timelines, budgets, and quality benchmarks.
+ Project Scope and Planning: Define project scope, set clear objectives, identify deliverables, and allocate resources effectively.
+ Project Monitoring and Control: Track project progress, identify potential risks and issues, and implement proactive mitigation strategies.
+ Team Leadership and Collaboration: Foster collaboration within cross-functional project teams, promoting clear communication and efficient teamwork.
+ Stakeholder Management: Maintain open communication with stakeholders, providing regular updates on project status and managing expectations.
+ Quality Assurance: Ensure project deliverables consistently meet established quality standards and fulfill business requirements.

**Qualifications**

* Bachelor’s degree in Business Administration, Information Technology, or a related field.
* Proven experience as a Business Analyst and Project Manager, with a strong track record of successful project delivery.
* Strong analytical and problem-solving skills, with the ability to translate business needs into technical solutions.
* Proficiency in project management tools and methodologies (e.g., Agile, Waterfall).
* Excellent communication and interpersonal skills, with the ability to work effectively with stakeholders at all levels.
* Strong organizational skills and attention to detail, with the ability to manage multiple priorities and deadlines.
* Experience with process mapping, requirements gathering, and documentation.
* Ability to adapt to changing priorities and work in a dynamic environment.

**Preferred Qualifications**

* Experience in Software development.
* Salesforce Certification in Administration or Development is a plus.
* Certification in project management (e.g., PMP, PRINCE2) is a plus.
* Proficiency in business analysis tools and techniques.
* Knowledge of data analysis and reporting.
* Experience working in a SAAS environment is a plus

**Visa sponsorship is not available for this position. Candidates must already possess authorization to work in the United States of America without the need for employer sponsorship.**
**Pay Equity**
Trimble provides the following compensation range and general description of other compensation and benefits that it in good faith believes it might pay and/or offer for this position. This compensation range is based on a full time schedule. Trimble reserves the right to ultimately pay more or less than the posted range and offer additional benefits and other compensation, depending on circumstances not related to an applicant’s sex or other status protected by local, state, or federal law.
  
  
**Hiring Range**
79924
  
  
106000
  
  
**Bonus Eligible?**
Yes
  
  
Trimble offers comprehensive core benefits that include Medical, Dental, Vision, Life, Disability, Time off plans and retirement plans. Most of our businesses also offer tax savings plans for health, dependent care and commuter expenses as well as Paid Parental Leave and Employee Stock Purchase Plan.
  
  
Trimble is proud to be an equal opportunity employer. We welcome and embrace our
  
  
candidates' diversity and take affirmative action to employ and advance individuals
  
  
without regard to race, color, sex, gender identity or expression, sexual orientation,
  
  
religion, age, physical or mental disability, veteran status, pregnancy (including
  
  
childbirth or related medical conditions), national origin, marital status, genetic
  
  
information, and all other legally protected characteristics. We forbid discrimination and
  
  
harassment in the workplace based on any protected status or characteristic. A criminal
  
  
history is not an automatic bar to employment with the Company, and we consider
  
  
qualified applicants consistent with applicable federal, state, and local law.
  
  
The Company is also committed to providing reasonable accommodations for
  
  
individuals with disabilities, and individuals with sincerely held religious beliefs in our job
  
  
application procedures. If you need assistance or an accommodation for your job, contact
  
  
AskPX@px.trimble.com","Software Development","https://www.linkedin.com/company/trimble","https://media.licdn.com/dms/image/v2/D560BAQHM4R2dJDTWcQ/company-logo_100_100/B56Zat13QIHUAQ-/0/1746673300891/trimble_logo?e=2147483647&v=beta&t=4vNYuqWRjZf4hQeBvTaGa0MWB36ZLJBxOQuLDwv5KpQ","","","","","","","","","","","","2025-06-19 05:32:38.269638","Business Analyst (Longmont, Local)"
"li-4250713064","linkedin","https://www.linkedin.com/jobs/view/4250713064","https://recruiting2.ultipro.com/FIR1026FBHC/JobBoard/871b88b3-5f2a-47fa-8f51-cb062c7f0a20/OpportunityDetail?opportunityId=c17d46e1-d160-48a3-bc02-4ea2197c4641&source=LinkedIn&urlHash=397A","Treasury Management Development Analyst","FirstBank","Westminster, CO","","fulltime","","","","","",True,"entry level","Business Development and Sales","","","Founded in 1963, FirstBank is Colorado's largest locally owned holding company and we are still growing, serving customers in Colorado and Arizona. Our growth can be attributed to one simple philosophy: do right by customers, communities, and employees, which is at the center of the company’s “banking for good” mantra. FirstBank believes that diversity, equity, and inclusion are part of everything we do, both within and outside our company, and we take pride in hiring and training a diverse and talented group. We strive to not only maintain a diverse workforce, but also ensure our employee experience garners a sense of belonging, is inclusive and equitable. FirstBank believes that a company is nothing without the people that comprise it. By joining the FirstBank team you will experience our great team culture with ample opportunity for growth. There’s an opportunity for everyone with positions across the company, from Personal Banker and Call Center to Technology and Lending. Apply today to learn more and join the team!
  
  
**A Brief Overview**
The Treasury Management Development Analyst is a dedicated sales position that actively seeks out new business clients. The TM Dev Analyst is responsible for preparing Request for Proposals and developing sales strategy and calling plans.
  
  
**What You Will Do**

* Proactively seeks out new commercial clients.
* Prepares and leads Request for Proposals (RFPs).
* Develops and implements a Treasury Management sales strategy and calling plan.
* Attends networking events both during and after typical working hours, and represents FirstBank in the business community.
* Consults with prospects, customers, and market staff to determine appropriate TM solutions.
* Leads Treasury Management client meetings.
* Performs account analysis to recommend Treasury Management products and solutions for new and existing customers.
* Prepares customer sales packets and marketing materials.
* Facilitates product installations, setups, and trainings for business clients.
* Maintains and cultivates sales pipeline by expanding relationship with existing customers and new commercial clients.
* Maintains up to date knowledge of Treasury Management products and services.
* Understands client’s business environment and industry.
* Monitors competitors’ TM products and performs internal product gap analysis.
* Leads Treasury Management department meetings and trainings.
* Meets established sales goals expectations.
* Performs other duties and projects as assigned.
* Understands and complies with all provisions of the Safety in the Workplace policy.

**Minimum Requirements**

* Typically requires a bachelor's degree in related field and a minimum of 2 years of related experience.
* A combination of post-high school education, job related certification and related experience equivalent to 5 years may be considered in lieu of minimum requirements

**Preferred Requirements**

* CTP or previous TM experience
* Business Banking experience
* Experience with Customer Relationship Management systems such as Salesforce

**Knowledge, Skills, And Abilities**

* Expert understanding and knowledge of all TM products and Solutions
* Expert understanding of business banking, customer service, and sales strategies
* Strong decision-making, and problem solving skills
* Consultative sales and financial products knowledge
* Strong attention to detail and organizational skills
* Ability to focus on multiple priorities without degradation in the quality of work produced
* Effective time-management skills
* Strong initiative and self-motivated to prioritize project work
* Excellent verbal and written communication skills
* Working knowledge of Microsoft Word and Excel and a willingness to learn new bank systems, products, and programs
* Ability to communicate skillfully and professionally

**Working Conditions And Physical Requirements**

* Frequently remains stationary throughout a typical business day
* Frequently operates a computer and other office machinery, such as a calculator, copy machine, and computer printer
* Occasionally moves about inside the office to access file cabinets, office machinery, and other rooms
* Occasionally positions self to access drawers and shelves of various heights
* Frequently reaches for and handles paperwork and files
* Constantly communicates with customers, coworkers, and management in-person and on the phone
* Must be able to exchange accurate information
* FirstBank does not currently offer fully remote positions, except as required by law. The actual number of in-office days that may be required will vary by business unit, role, and business need.

**Specific branch/department placement will be determined at a later date.**
**Salary Range**
$36.90 Per Hour to $61.65 Per Hour
  
  
**Statement Of Benefits**
FirstBank offers a suite of benefits that support our employees’ professional, financial, physical, emotional and spiritual well-being. Benefits currently offered with our positions include: Paid Time Off/paid leave programs, 401K/Employee Stock Ownership, United Healthcare medical, MetLife dental, VSP vision, Employee tuition reimbursement, Volunteer Time Off, Short-Term Disability, Long-Term Disability, and Group Life Insurance/AD&D
  
  
**This Job May Be Eligible For The**

* Treasury Mgmt Development Incentive Plan

**EOE/Affirmative Action**
FirstBank is an EOE/Affirmative Action employer. All qualified applicants will receive consideration for employment without regard to age, race, color, religion, sex, sexual orientation, gender identity, national origin, genetic information, disability, veteran status, or any other legally protected characteristic. FirstBank does not permit pay inequities. Anyone who believes they have been subject to pay inequity should immediately report their concerns to the Human Resource Department.
  
  
**Colorado Job Application Fairness Act**
Under Colorado’s Job Application Fairness Act, you have the right to redact from any documents that you submit in connection with your application information that identifies your age, date of birth, or dates of attendance at or graduation from an educational institution. Should you wish to exercise your right to redact such information, please redact it prior to submitting the documentation
  
  

* This job opportunity is expected to close on June 25th, 2025\\*","Banking","https://www.linkedin.com/company/firstbank","https://media.licdn.com/dms/image/v2/C560BAQHbcb3hW9y0Zg/company-logo_100_100/company-logo_100_100/0/1658769435619/firstbank_logo?e=2147483647&v=beta&t=8_OnjlsHz5OggGTV4b55NxLEB11Q1EfYxpclUkwX09c","","","","","","","","","","","","2025-06-19 05:32:38.269638","Business Analyst (Longmont, Local)"
"li-4250054211","linkedin","https://www.linkedin.com/jobs/view/4250054211","https://www.mykelly.com/job/9869432-senior-quality-analyst-chemistry-windsor-co-united-states/?source=linkedin_paid&urlHash=F0Cn","Senior Quality Analyst (Chemistry)","Kelly Science, Engineering, Technology & Telecom","Windsor, CO","","fulltime","description","hourly",93600.0,104000.0,"USD",False,"associate","Science","","","**Senior QC Analyst – Windsor, CO**
Kelly® Science & Clinical is seeking a
**Senior QC Analyst**
for full-time, direct-hire position at a leading pharmaceutical company. If you’re passionate about performing quality testing on new innovative drug development and manufacturing, then let’s take the next step in your career! Trust The Experts at Hiring Experts.
  
  
**Type:**
Direct Hire
  
  
**Pay Rate:**
$45.00 - $50.00/hour based on experience + shift differential
  
  
**Schedule:**
Full-Time, On-site, Sunday - Thursday 1500 - 2330
  
  
**Key Responsibilities**

* Perform complex analysis and method transfers with advanced techniques.
* Document activities per GMP guidelines.
* Mentor QC analysts and ensure quality standards.
* Handle instrumentation maintenance and troubleshooting.
* Provide technical recommendations and review updates.
* Participate in safety and hazardous waste management.
* Foster a collaborative team environment.

**Requirements:**

* Bachelor’s in Chemistry/Biochemistry preferred.
* 6+ years in analytical lab experience.
* Proficient with HPLC, FTIR, GPC, GC, and UV-Vis.
* Strong knowledge of GMP, GLP, ICH regulations.
* Effective communication and leadership skills.

As part of our promise to talent, Kelly supports those who work with us through a variety of benefits, perks, and work-related resources. Kelly offers eligible employees voluntary benefit plans including medical, dental, vision, telemedicine, term life, whole life, accident insurance, critical illness, a legal plan, and short-term disability. As a Kelly employee, you will have access to a retirement savings plan, service bonus and holiday pay plans (earn up to eight paid holidays per benefit year), and a transit spending account. In addition, employees are entitled to earn paid sick leave under the applicable state or local plan. Click here for more information on benefits and perks that may be available to you as a member of the Kelly Talent Community.
  
  
Why Kelly® Science & Clinical?
  
  
Kelly Science & Clinical is your connection to premier scientific and clinical companies looking to hire industry experts just like you. Our team creates expert talent solutions to solve the world’s most critical challenges. Every day, we match science professionals with dream jobs that fit their skills, interests, and career goals—it’s the way we think job searching should be. Nearly 100 percent of our science recruiters have a professional background and education in science, so we know a thing or two about the science market and how to get your expertise noticed.
  
  
**About Kelly**
Work changes everything. And at Kelly, we’re obsessed with where it can take you. To us, it’s about more than simply accepting your next job opportunity. It’s the fuel that powers every next step of your life. It’s the ripple effect that changes and improves everything for your family, your community, and the world. Which is why, here at Kelly, we are dedicated to providing you with limitless opportunities to enrich your life—just ask the 300,000 people we employ each year.
  
  
Kelly is committed to providing equal employment opportunities to all qualified employees and applicants regardless of race, color, sex, sexual orientation, gender identity, religion, national origin, disability, veteran status, age, marital status, pregnancy, genetic information, or any other legally protected status, and we take affirmative action to recruit, employ, and advance qualified individuals with disabilities and protected veterans in the workforce. Requests for accommodation related to our application process can be directed to the Kelly Human Resource Knowledge Center. Kelly complies with the requirements of California’s state and local Fair Chance laws. A conviction does not automatically bar individuals from employment. Kelly participates in E-Verify and will provide the federal government with your Form I-9 information to confirm that you are authorized to work in the U.S.","Staffing and Recruiting","https://www.linkedin.com/company/kelly-science-engineering-technology","https://media.licdn.com/dms/image/v2/C4E0BAQF0WrtnlIiWiA/company-logo_100_100/company-logo_100_100/0/1630632101064/kelly_science_engineering_technology_logo?e=2147483647&v=beta&t=N7HVKQ4FH7Dq8hZTYEC7JGk5joBqJzYrNjvWcSM7nKo","","","","","","","","","","","","2025-06-19 05:32:38.269638","Business Analyst (Longmont, Local)"
"li-4252740114","linkedin","https://www.linkedin.com/jobs/view/4252740114","https://aes.wd1.myworkdayjobs.com/AES_US/job/US-Louisville-CO/Senior-Analyst\\u002d\\u002dDevelopment-Operations_R1060626-2?source=LinkedIn&urlHash=WAfF","Senior Analyst, Development Operations","The AES Corporation","Louisville, CO","","fulltime","","","","","",False,"mid-senior level","Management and Manufacturing","","","Are you ready to be part of a company that's not just talking about the future, but actively shaping it? Join The AES Corporation (NYSE: AES), a
**Fortune 500 company**
that's leading the charge in the global energy revolution. With operations spanning
**14 countries**
, AES is committed to shaping a future through innovation and collaboration. Our dedication to innovation has earned us recognition as one of the
**Top Ten Best Workplaces for Innovators**
by Fast Company in 2022. And with our certification as a
**Great Place to Work**
, you can be confident that you're joining a company that values its people just as much as its groundbreaking ideas.
  
  
AES is proudly
**ranked #1 globally**
in renewable energy sales to corporations, and with
**$12.7B in revenues in 2023**
, we have the resources and expertise to make a significant impact as we provide electricity to
**25 million customers worldwide.**
As the world moves towards a net-zero future, AES is committed to meeting the Paris Agreement's goals by 2050. Our innovative solutions, such as
**24/7 carbon-free energy**
for data centers, are setting the pace for rapid, global decarbonization.
  
  
If you're ready to be part of a company that's not just adapting to change, but driving it, AES is the place for you. We're not just building a cleaner, more sustainable future - we're powering it. Apply now and energize your career with a true leader in the global energy transformation.
  
  
**Position: Senior Analyst, Development Operations**
**Location: Louisville, Colorado**
The Senior Analyst will serve as a key member of the Development Operations (DevOps) team. DevOps sits within AES Clean Energy’s Development organization with the goal of supporting project developers, Development leadership, and decision-makers within AES Clean Energy. The role is situated in a dynamic team, company and industry, providing high potential for advancement.
  
  
DevOps involves coordinating between regional development teams and collaborating with other entities within AES Clean Energy. The team’s responsibility includes building and managing the Development budget, Project Prioritization, forecasting the Development pipeline, process improvement, and team coordination.
  
  
The Senior Analyst will gain unparalleled experience into how a renewable energy company operates, grows, and makes decisions in a changing and uncertain environment. The position includes a high degree of exposure to senior decision-makers in AES Clean Energy and involves providing high quality inputs and context for decisions surrounding the Development budget and strategic direction.
  
  
**Primary Responsibilities**
Finance and Budget
  
  

* Coordinate with regional Development teams for inputs and work with Finance to refine budget within necessary constraints. The Senior Analyst (along with other team members) will also prepare materials with context and analysis for budget meetings and decision-makers.
* Collect, conduct quality control analysis, and collate individual project budgets from developers throughout budget process. Provide guidance to developers on budget content and build market level understanding of portfolio status.
* Run key budget analysis including but not limited to scenario analysis related to 5+ year budget horizons, acquisition vs greenfield comparisons, and contingency planning.
* Serve as key contributor to Project Prioritization workstream. Contribute insights towards improvement and efficiency of the workstream.
* Complete ad hoc budget requests and analysis as needed.

Pipeline Forecasting
  
  

* Serve as key contributor to Development’s Pipeline Forecast. This will include organizing and facilitating meetings with market leadership and validating and maintaining data. Contributions to forecasting also include highlighting key changes and flagging characteristics of pipeline that may point toward shifts in strategy.
* Analyze key pipeline data including Placed in Service timing and probabilities, project categories, and equipment delivery needs. Produce periodic forecast for internal use.

Process improvement, Team Development, and Ad Hoc workstreams
  
  

* Provide input on key systems and processes, lead process change workstreams with input from other team leaders
* Contribute to Team events (ex. All Hands, Dev Leaders, etc.) including preparing slides and key data at request as well as generating ideas for content
* Support other ad hoc requests when necessary

**Position Requirements**
Approach to Work
  
  

* Lives AES values: safety, highest standards, and an “all together” approach
* Growth mindset: curiosity, desire to learn, self-driven, desire to improve skills
* Ability to work from AES’s Louisville, CO office multiple days per week
* Willingness to travel as needed; anticipated travel is 5-10% of time

**Skills**

* Excellent presentation and communication skills, including with senior leaders
* Able to manage multiple priorities in a fast-paced environment
* Creative approach to problem-solving, including in ambiguous and/or dynamic environments
* Excellent quantitative and analytical skills, especially in MS Excel
* Ability to quickly learn new tools and systems

**Qualifications**

* Demonstrated motivation and interest to work in renewable energy
* 2-5 years of work experience in energy, finance, or related field
* Undergraduate degree, ideally with coursework or work experience in renewable energy sector or other exposure to the energy industry
* Proficient in MS Office suite, including PowerPoint and Excel, and ability to create and design visually compelling presentations

AES is an Equal Opportunity Employer who is committed to building strength and delivering long-term sustainability through diversity and inclusion. Respecting all backgrounds, differences and perspectives enables us to improve the lives of our people, customers, suppliers, contractors, and the communities in which we live and work. All qualified applicants will receive consideration for employment without regard to sex, sexual orientation, gender, gender identity and/or expression, race, national origin, ethnicity, age, religion, marital status, physical or mental disability, pregnancy, childbirth, or related medical condition, military or veteran status, or any other characteristic protected under applicable law. E-Verify Notice: AES will provide the Social Security Administration (SSA) and if necessary, the Department of Homeland Security (DHS) with information from each new employee's I-9 to confirm work authorization.
  
  
The expected salary for this position, at commencement of employment, is between $85,000 and $102,000/Annual; however, base pay offered may vary depending on multiple individualized factors, including market location, job-related knowledge, skills, and experience. The total compensation package for this position may also include other elements such as annual bonus, in addition to a full range of medical, dental, vision, life, financial, and/or other benefits (including 401(k) eligibility and various paid time off benefits, such as vacation, sick time, and parental leave), dependent on the position offered. Details of participation in these benefit plans will be provided if a candidate receives an offer of employment. If hired, employee will be in an “at-will position” and the Company reserves the right to modify base salary (as well as any other discretionary payment or compensation program) at any time, including for reasons related to individual performance, Company or individual department/team performance, and market factors.","Utilities","https://www.linkedin.com/company/aes","https://media.licdn.com/dms/image/v2/C4D0BAQHrmddKtYfrxQ/company-logo_100_100/company-logo_100_100/0/1630573764355/aes_logo?e=2147483647&v=beta&t=N-kcC-7CTnkQ5MZii1NiSH-3nqwPfA4gXp6Y3tLmY-E","","","","","","","","","","","","2025-06-19 05:32:38.269638","Business Analyst (Longmont, Local)"
"li-4252382027","linkedin","https://www.linkedin.com/jobs/view/4252382027","https://hdjq.fa.us2.oraclecloud.com/hcmUI/CandidateExperience/en/job/25017667/?utm_medium=LinkedIn_Other&urlHash=5r5Q","Sales Development Analyst","Emerson","Boulder, CO","","fulltime","description","yearly",80000.0,106000.0,"USD",False,"mid-senior level","Sales and Marketing","","idisability.administrator@emerson.com","**Job Description**
If you are a Sales Development Analyst professional looking for an opportunity to grow, Emerson has an exciting opportunity for you! Based in our Shakopee, MN or Boulder, CO location. You will work closely with cross-functional teams to develop and own processes to define key target segments, define and monitor key performance indicators (KPIs), maintain data cleanliness and deliver insights that support business strategy. The Sales Development Analyst will also provide process expertise with a passion for leveraging data to drive sales results and support key initiatives that enhance sales operational efficiency and drive better business outcomes.
  
  
**In this Role, Your Responsibilities Will Be:**

* Develop and manage lead prospecting process to enhance effectiveness of sales channel
* Lead team that supports global sales organization through identifying ideal target segment customers
* Own and manage requirements for all customer data tools to drive overall system effectiveness
* Collaborate with cross-functional teams to ensure alignment and support of growth strategies
* Analyze customer data to identify sales opportunities and enhance customer relationship management (CRM) strategies
* Lead and participate in projects aimed at improving sales operational processes and increasing overall sales performance.
* Analyze sales data to identify trends and areas for process improvement.
* Monitor key sales metrics and report findings to inform decision-making and strategy development.
* Design and document workflows, processes, and systems to support sales initiatives.
* Conduct gap analysis and recommend solutions to close performance or operational gaps in sales.

**Who You Are:**
You readily action new challenges, without unnecessary planning. You effectively communicate in various settings: one-on-one, small and large groups, or among diverse styles and position levels. You acquire data from multiple and diverse sources when solving problems. You seek ways to improve processes, from small tweaks to complete reengineering.
  
  
**For This Role, You Will Need:**

* Bachelor’s degree in Business, Engineering, or a related field.
* 4-5+ years of relevant experience
* Willingness and ability to travel up to 10%.
* Legally authorized to work in the United States.

**Preferred Qualifications that Set You Apart:**

* Experience with customer relationship management software (Salesforce, Dynamics, Oracle, etc.)
* Familiarity with industrial industry trends, AI, and analytics
* Proficient in Microsoft Office suite and other data analysis tools.
* Experience in a B2B or manufacturing environment.
* Proven experience in sales analysis, business analysis, or a similar role.
* Strong analytical and problem-solving skills, with the ability to synthesize complex data.
* Excellent communication and presentation skills, with the ability to influence decision-making at all levels.

**Our Culture & Commitment to You**
**Our compensation philosophy is simple: we pay a competitive base salary, within the local market in which we operate, and reward performance during our annual merit review process. The salary range for this role is $80,000-106,000 annually, commensurate with the skills, talent, capabilities, and experience each candidate brings to a role.**
**This position will be open for a minimum of 7 days from the day of posting. Applicants are encouraged to apply early to receive efficient consideration. In compliance with the Colorado Job Application Fairness Act, in any materials you submit, you may redact or remove age-identifying information such as age, date of birth, or dates of school attendance or graduation. You will not be penalized for redacting or removing this information.**
**At Emerson, we prioritize a workplace where every employee is valued, respected, and empowered to grow. We foster an environment that encourages innovation, collaboration, and diverse perspectives—because we know that great ideas come from great teams. Our commitment to ongoing career development and growing an inclusive culture ensures you have the support to thrive. Whether through mentorship, training, or leadership opportunities, we invest in your success so you can make a lasting impact. We believe diverse teams, working together are key to driving growth and delivering business results.**
**We recognize the importance of employee wellbeing. We prioritize providing flexible, competitive benefits plans to meet you and your family’s physical, mental, financial, and social needs. We provide a variety of medical insurance plans, with dental and vision coverage, Employee Assistance Program, 401(k), tuition reimbursement, employee resource groups, recognition, and much more. Our culture offers flexible time off plans, including paid parental leave (maternal and paternal), vacation and holiday leave.**
**Work Authorization**
**Emerson will only employ those who are legally authorized to work in the United States. This is not a position for which sponsorship will be provided. Individuals with temporary visas such as E, F-1, H-1, H-2, L, B, J or TN, or who need sponsorship for work authorization now or in the future, are not eligible for hire.**
**About Us**
**WHY EMERSON**
**Our Commitment to Our People**
At Emerson, we are motivated by a spirit of collaboration that helps our diverse, multicultural teams across the world drive innovation that makes the world healthier, safer, smarter, and more sustainable. And we want you to join us in our bold aspiration.
  
  
We have built an engaged community of inquisitive, dedicated people who thrive knowing they are welcomed, trusted, celebrated, and empowered to solve the world’s most complex problems — for our customers, our communities, and the planet. You’ll contribute to this vital work while further developing your skills through our award-winning employee development programs. We are a proud corporate citizen in every city where we operate and are committed to our people, our communities, and the world at large. We take this responsibility seriously and strive to make a positive impact through every endeavor.
  
  
At Emerson, you’ll see firsthand that our people are at the center of everything we do. So, let’s go. Let’s think differently. Learn, collaborate, and grow. Seek opportunity. Push boundaries. Be empowered to make things better. Speed up to break through. Let’s go, together.
  
  
**Work Authorization**
Emerson will only employ those who are legally authorized to work in the United States. This is not a position for which sponsorship will be provided. Individuals with temporary visas such as E, F-1(including those with OPT or CPT) , H-1, H-2, L-1, B, J or TN, or who need sponsorship for work authorization now or in the future, are not eligible for hire.
  
  
**Equal Opportunity Employer**
Emerson is an Equal Opportunity/Affirmative Action employer. All qualified applicants will receive consideration for employment without regard to sex, race, color, religion, national origin, age, marital status, political affiliation, sexual orientation, gender identity, genetic information, disability or protected veteran status. We are committed to providing a workplace free of any discrimination or harassment.
  
  
**Accessibility Assistance or Accommodation**
If you have a disability and are having difficulty accessing or using this website to apply for a position, please contact: idisability.administrator@emerson.com .
  
  
**About Emerson**
Emerson is a global leader in automation technology and software. Through our deep domain expertise and legacy of flawless execution, Emerson helps customers in critical industries like life sciences, energy, power and renewables, chemical and advanced factory automation operate more sustainably while improving productivity, energy security and reliability.
  
  
With global operations and a comprehensive portfolio of software and technology, we are helping companies implement digital transformation to measurably improve their operations, conserve valuable resources and enhance their safety.
  
  
We offer equitable opportunities, celebrate diversity, and embrace challenges with confidence that, together, we can make an impact across a broad spectrum of countries and industries. Whether you’re an established professional looking for a career change, an undergraduate student exploring possibilities, or a recent graduate with an advanced degree, you’ll find your chance to make a difference with Emerson. Join our team – let’s go!
  
  
**No calls or agencies please.**","Automation Machinery Manufacturing","https://www.linkedin.com/company/emerson","https://media.licdn.com/dms/image/v2/D4E0BAQGR6FSAnbBWcQ/company-logo_100_100/company-logo_100_100/0/1719847292094/emerson_logo?e=2147483647&v=beta&t=cQc4Xf708t7quqrf1BkItwvh_lWHbqa1ewpEYk_vZDw","","","","","","","","","","","","2025-06-19 05:32:38.269638","Business Analyst (Longmont, Local)"
"li-4215014852","linkedin","https://www.linkedin.com/jobs/view/4215014852","https://careers.danone.com/us/en/jobs/analyst-senior-analyst-categories-finance-yogurt-16306-en-us.html?utm_source=linkedin&utm_medium=jobposting&urlHash=f4NZ","Analyst/Senior Analyst, Categories Finance - Yogurt","Danone","Louisville, CO","","fulltime","description","yearly",74000.0,94000.0,"USD",False,"associate","Accounting/Auditing and Finance","","","**About The Job**
This Yogurt Category Finance role holds a key position within the Finance Organization to give strategical support for the Yogurt BU Marketing & Innovation areas, reporting to the Yogurt Category Finance Sr. Manager, operating in close collaboration with the Brands and teams while interacting with many cross-functionals partners. This role can be based out of White Plains, NY or Louisville, CO!
  
  
**Responsibilities**

* Support the Brand & Innovation Teams by developing P&Ls for proposed Innovation products and/or Renovation of existing products – constructively challenging assumptions around volume, pricing, and input costs, participating in the stage gate process and working to ensure that new product launches are accretive to the P&L
* Participate in Capital Investment Business Case Analysis when projects require
* Manage and control respective Brands A&P Budget, including AOP, Rolling forecast and Actuals
* Provide allocations as business needs change and solving for funding gaps
* Continuously evaluate effectiveness of marketing activities, including innovation and media spend
* Communicate to Category Business Partners key financial results and plans
* Responsible for Danone reporting requirements and of Reporting System (Tagetik) loading of our latest A&P outlook
* Ad hoc financial analysis

The base compensation range for this position is $74k-94k commensurate with experience. Danone North America additionally offers a performance-based bonus and has a strong benefits package including Medical, Dental, Vision, Prescription Drug Coverage, 401k Plan, Wellness Program, Life Insurance, Tuition Reimbursement, Flexible Time Off, and Paid Parental Bonding Leave, among other benefit plan options. To give our employees flexibility, Danone is a hybrid work environment.
  
  
**About You**

* You have a Bachelor’s degree (Finance, Business administration, accounting, Economics, engineering or similar Preferred)
* You have 3+ years of Finance experience, preferably in the CPG industry
* You have financial acumen and analytical skills required to thrive in a deadline-oriented environment
* You have strong Microsoft Office skills, mainly Excel and Power point, and preferred advanced knowledge of SAP and Tagetik
* You have exceptional interpersonal and communication skills with the ability to interface effectively with cross-functional teams and all levels of the organization
* You are proactive and have a constructive attitude

About us
  
  
At Danone North America, you’ll work with some of the best-known food and beverage brands in the world like
**Activia, Silk, Two Good, Oikos, evian, and Happy Family.**
You’ll be part of one of the largest Certified B Corps
**™ in the world**
, working together to make sure our brands create real benefits for people, communities, and the planet. We have 6,000+ employees across the U.S. and Canada. Come join our movement for a healthier world
**One Planet. One Health BY YOU**
.
  
  
Danone North America is proud to be an Equal Opportunity employer. It is our policy to give equal employment opportunities to all qualified persons without regard to legally protected characteristics, or any other consideration made unlawful by applicable federal, state/provincial and/or local law. For our EEO policy statement and your EEO rights under law click here","Manufacturing, Food and Beverage Services, and Food and Beverage Manufacturing","https://fr.linkedin.com/company/danone","https://media.licdn.com/dms/image/v2/D4E0BAQHsN7SvwFC79A/company-logo_100_100/company-logo_100_100/0/1695830358102/danone_logo?e=2147483647&v=beta&t=fqWf0Tk9AW7hUSynYCD9gq6IhwCqeZZL4LmkHKyIqpA","","","","","","","","","","","","2025-06-19 05:32:38.269638","Business Analyst (Longmont, Local)"
"li-4252906306","linkedin","https://www.linkedin.com/jobs/view/4252906306","https://careers.rtx.com/global/en/job/RAYTGLOBAL01764440EXTERNALENGLOBAL/Financial-Analyst-I?utm_source=linkedin&utm_medium=phenom-feeds&urlHash=fUN_","Financial Analyst I","Raytheon","Lafayette, CO","","fulltime","","","","","",False,"entry level","Finance and Sales","","","**Date Posted:**
2025-06-18
  
  
**Country:**
United States of America
  
  
**Location:**
CO805: 2550 Crescent Drive Lafayette 2550 Crescent Drive , Lafayette, CO, 80026 USA
  
  
**Position Role Type:**
Onsite
  
  
**U.S. Citizen, U.S. Person, or Immigration Status Requirements:**
U.S. citizenship is required, as only U.S. citizens are authorized to access certain necessary systems.
  
  
**Security Clearance:**
None/Not Required
  
  
At Raytheon, the foundation of everything we do is rooted in our values and a higher calling – to help our nation and allies defend freedoms and deter boldness. We bring the strength of more than 100 years of experience and renowned engineering expertise to meet the needs of today’s mission and stay ahead of tomorrow’s threat. Our team solves tough, meaningful problems that create a safer, more secure world.
  
  
Blue Canyon Technologies (BCT) is guiding the way in the New Space revolution! Our state-of-the-art systems are currently on missions from low Earth orbit to the Moon, near earth asteroids, and to Mars. We create high-reliability spacecraft with significantly greater performance, much smaller size and at a fraction of the cost of traditional space systems. We are involved in a wide range of projects for academic, commercial, and government applications. Join our innovative and dynamic company, as we deliver the small spacecraft of the future.
  
  
We have an exciting opportunity within the Blue Canyon Technologies Finance team for a Finance Analyst I to support BCT’s Mission Operations Product Line. Responsibilities include, but aren’t limited to, weekly financial reporting/analysis, Estimates at Completions (EACs), internal Earned Value, monthly financial forecasts, monthly invoice analysis and regular status reviews with Program stakeholders. An effective analyst will provide weekly reporting and cost analysis trends to support the Mission Operations Program Office in managing contract execution, both on FFP and T&M contracts. In addition to providing Program Finance support to the Mission Operations Product Line, the analyst may have the opportunity for additional responsibilities such as supporting Cubesat programs, Spacecraft proposal development and other ad hoc requests.
  
  
**What You Will Do**

* Analyzes project financial data for multiple projects within the Mission Operations Product Line.
* Creates financial models based on analyses to support organizational decision making.
* Develops financial plans and reports for organizational leaders.
* Supports program managers in the tracking of material commitments.
* Prepare project invoices and track cash flow.
* Partners with program managers to develop Estimates at Complete (EAC) and associated Risk and Opportunity (R&O) analysis.
* Works with program managers to develop monthly estimates to complete (ETC) and the related impact analysis.
* Performs analysis of historical cost details necessary to inform future pursuit strategy.
* Prepare cost and labor transfer journal entries within the accounting system.
* Working with the program managers, manages the project cost collection structure.
* Develops automated reporting and forecasting tools for more efficient use of data.

Prepare and report monthly financial metrics on various programs to the program managers.
  
  

* Prepare and distribute recommendations on reporting, processes and analyses.

**Qualifications You Must Have**

* Typically requires a Bachelor's degree in Accounting, Finance, Economics or Business Administration or equivalent experience and less than 2 years prior relevant experience.
* Related technical experience may be considered in lieu of education.
* Intermediate to advanced knowledge of Microsoft Excel (VLOOKUP, IF-statements, Pivot Tables) experience.
* Experience with government contracting and FAR requirements.
* Experience with Estimates at Completion (EAC's) or similar systems and tools.
* Experience with Program costs, schedules and/or proposals.
* Experience with SAP, Business Warehouse, PMX, EDIT+ or similar systems.

**Qualifications We Prefer**

* Excellent oral and written communication skills to include executive level interaction.
* Ability to work within a fast-moving business.
* Strong attention to detail with an ability to balance multiple projects & processes simultaneously.
* Leverage critical thinking skills to provide value-added analysis to management.
* Financial controls experience relative to multiple contract types (CPFF, FFP, T&M, etc.).
* Understanding of RTX financial and accounting policies and procedures

**Additional Information**

* This position is grade P1, Analyst, Program Cost Controls.
* Onsite: Employees who are working in Onsite roles will work primarily onsite. This includes all production and maintenance employees, as they are essential to the development of our products.
* Relocation assistance is not available.

**What We Offer**

* Our values strengthen our actions, behaviors, and performance with a vision for a safer, more connected world. At RTX we value: Trust, Respect, Accountability, Collaboration, and Innovation.
* Whether you’re just starting out on your career journey or are an experienced professional, we offer a total rewards package that goes above and beyond with compensation; healthcare, wellness, retirement and work/life benefits; career development and recognition programs. Some of the benefits we offer include parental (including paternal) leave, flexible work schedules, achievement awards, educational assistance and child/adult backup care.

The salary range for this role is 55,000 USD - 107,000 USD. The salary range provided is a good faith estimate representative of all experience levels. RTX considers several factors when extending an offer, including but not limited to, the role, function and associated responsibilities, a candidate’s work experience, location, education/training, and key skills.
  
  
Hired applicants may be eligible for benefits, including but not limited to, medical, dental, vision, life insurance, short-term disability, long-term disability, 401(k) match, flexible spending accounts, flexible work schedules, employee assistance program, Employee Scholar Program, parental leave, paid time off, and holidays. Specific benefits are dependent upon the specific business unit as well as whether or not the position is covered by a collective-bargaining agreement.
  
  
Hired applicants may be eligible for annual short-term and/or long-term incentive compensation programs depending on the level of the position and whether or not it is covered by a collective-bargaining agreement. Payments under these annual programs are not guaranteed and are dependent upon a variety of factors including, but not limited to, individual performance, business unit performance, and/or the company’s performance.
  
  
This role is a U.S.-based role. If the successful candidate resides in a U.S. territory, the appropriate pay structure and benefits will apply.
  
  
RTX anticipates the application window closing approximately 40 days from the date the notice was posted. However, factors such as candidate flow and business necessity may require RTX to shorten or extend the application window.
  
  
*RTX is an Equal Opportunity Employer. All qualified applicants will receive consideration for employment without regard to race, color, religion, sex, sexual orientation, gender identity, national origin, age, disability or veteran status, or any other applicable state or federal protected class. RTX provides affirmative action in employment for qualified Individuals with a Disability and Protected Veterans in compliance with Section 503 of the Rehabilitation Act and the Vietnam Era Veterans’ Readjustment Assistance Act.*
**Privacy Policy and Terms:**
Click on this link to read the Policy and Terms","Defense and Space Manufacturing","https://www.linkedin.com/company/raytheon","https://media.licdn.com/dms/image/v2/D560BAQEJrjIh_xsiKg/company-logo_100_100/company-logo_100_100/0/1687168982390/raytheon_logo?e=2147483647&v=beta&t=oLiLB9i8PHsWpbYi5rTOAjoUkcH2xMXKRJeIdIggheI","","","","","","","","","","","","2025-06-19 05:32:38.269638","Business Analyst (Longmont, Local)"
"li-4252746865","linkedin","https://www.linkedin.com/jobs/view/4252746865","https://sundyne.wd5.myworkdayjobs.com/SundyneCareersSite/job/Arvada-Colorado-USA/Financial-Analyst\\u002d\\u002dIntermediate-_R12705-1?source=LinkedIn&urlHash=F93g","Financial Analyst (Intermediate)","Sundyne","Arvada, CO","","fulltime","description","yearly",60000.0,85000.0,"USD",False,"mid-senior level","Finance and Sales","","","It's fun to work in a company where people truly BELIEVE in what they are doing!
  
  
It's fun to work in a company where people truly BELIEVE in what they are doing!
  
  
Headquartered in Arvada, Colorado, Sundyne is a leading manufacturer of highly reliable and efficient centrifugal pumps and compressors for use in the oil and gas, petrochemical, chemical, power generation and water processing industries. The Sundyne product portfolio features innovative high-speed integrally geared, multistage and sealless technologies that meet API and ISO standards. With a global channel consisting of more than 300 sales and service locations, and a manufacturing network that employs over 1,000 people across 5 facilities, Sundyne provides high quality engineered fluid handling solutions to customers around the world. For additional information, visit www.sundyne.com.
  
  
**Position Description**
The Intermediate Financial Analyst is responsible for supporting management reporting and financial planning & analysis (FP&A) across all the Global sites.
  
  
**Job Duties & Responsibilities**

* Responsible for global financial analysis and reporting
* Analyzes/validates the company’s monthly forecast, annual budget, and Strategic Plan
* Monitors actual financial results vs. Plan and forecast
* Prepares data used for monthly business reviews and investor reporting
* Assist business leaders with deep dive analysis on key operational and commercial topics including pricing, margin analysis, operational efficiencies, and inflation
* Supports business leaders with tracking and analysis of value creation initiatives that support Sundyne’s business growth
* Analyzes business and financial data on an ad-hoc basis
* Creates financial models based on analyses to support organizational decision making
* Performs other related duties as assigned

**Qualifications**

* Bachelor's degree in Accounting, Finance, or related field required
* 3-5 years of professional experience as an accountant, auditor, and/or financial analyst, preferably working in an FP&A team
* The ideal candidate will have worked with advanced financial models, including in support of budgeting and forecasting processes within a multinational manufacturer
* General understanding of generally accepted accounting principles (GAAP).
* General understanding of methods of systems analysis and the principles, design, and procedural methods used in database development.
* Proficient with Microsoft Office Suite (Advanced Excel skills).
* Previous experience working with JD Edwards, Hyperion Financial Management systems, Business Intelligence systems or related applications.

**Skills & Attributes**

* High energy and self-motivated, working to drive continuous improvement using an analytical and metrics-based approach
* An outstanding communicator, both in writing and verbally. Someone who can deliver concise, incisive, logical written documents and who also has the presence to deliver recommendations effectively.
* Assertive in style and with a bias for action, but respectful of others, team oriented.
* Strong analytical, problem solving and organizational skills with a superior attention to detail
* Has the ability to adapt to rapidly changing business conditions and juggle a number of priorities
* Results oriented
* Site

If you like growth and working with happy, enthusiastic over-achievers, you'll enjoy your career with us!
  
  
**Compensation Details**
Annual Salary: $60,000.00 - $85,000.00
  
  
**Additional Compensation**
Salary Range for this position: $60K-85K (the salary offered will be determined based on the applicant’s education, experience, skills, knowledge, abilities, and will be compared with internal equity along with market data for this position).
  
  
Application Deadline:
  
  
2025-09-17","Industrial Machinery Manufacturing","https://www.linkedin.com/company/sundyne-corporation","https://media.licdn.com/dms/image/v2/C4E0BAQE725NSvi4WJQ/company-logo_100_100-alternative/company-logo_100_100-alternative/0/1630650288440/sundyne_corporation_logo?e=2147483647&v=beta&t=05Vn4iRh8AbxL3Sxmac2P_iuh8NZVwEGqBzbiJroovA","","","","","","","","","","","","2025-06-19 05:32:38.269638","Business Analyst (Longmont, Local)"
"li-4250718787","linkedin","https://www.linkedin.com/jobs/view/4250718787","https://careers.google.com/jobs/results/75528157481837254-senior-threat-analyst/?src=Online/LinkedIn/linkedin_us&utm_source=linkedin&utm_medium=jobposting&utm_campaign=contract&urlHash=bJLv","Senior Threat Analyst, Cyber Espionage Intelligence Production, Mandiant","Google","Boulder, CO","","fulltime","description","yearly",132000.0,194000.0,"USD",True,"mid-senior level","General Business, Strategy/Planning, and Consulting","","","The application window will be open until at least 25th June, 2025. This opportunity will remain online based on business needs which may be before or after the specified date.
  
  
Applicants in the County of Los Angeles: Qualified applications with arrest or conviction records will be considered for employment in accordance with the Los Angeles County Fair Chance Ordinance for Employers and the California Fair Chance Act.
  
  
Note: Google’s hybrid workplace includes remote and in-office roles. By applying to this position you will have an opportunity to share your preferred working location from the following:
  
  
**In-office locations: Reston, VA, USA; Boulder, CO, USA; New York, NY, USA.**
**Remote location(s): California, USA; Illinois, USA; New York, USA; Washington, USA.**
**Minimum qualifications:**

* Bachelor's degree or equivalent practical experience.
* 7 years of experience in managing investigations and the discovery of new leads regarding espionage activity.
* Experience tracking adversaries via network infrastructure and malicious artifacts.
* Experience correlating and attributing malicious activity based on technical and geopolitical factors.
* Experience with writing and presenting on topics for a variety of audiences.

**Preferred qualifications:**

* Experience with technical analysis, including the creation of file, host, and network signatures leveraging multiple malware and network detection platforms, malware analysis, host forensics or other technical topics.
* Experience developing tools to uncover targeted activity leveraging data sets.
* Experience identifying and prioritizing cyber threats for investigations.
* Understanding of the geopolitical drivers of cyber espionage, with a focus on threat actors that originate from China and work on behalf of the People’s Republic of China.
* Understanding of attacker methodology and methodologies and experience implementing techniques used to hunt for adversarial activity.

**About The Job**
Part of Google Cloud, Mandiant is a recognized leader in dynamic cyber defense, threat intelligence and incident response services. Mandiant's cybersecurity expertise has earned the trust of security professionals and company executives around the world. Our unique combination of renowned frontline experience responding to some of the most complex breaches, nation-state grade threat intelligence, machine intelligence, and the industry's best security validation ensures that Mandiant knows more about today's advanced threats than anyone.
  
  
The US base salary range for this full-time position is $132,000-$194,000 + bonus + equity + benefits. Our salary ranges are determined by role, level, and location. Within the range, individual pay is determined by work location and additional factors, including job-related skills, experience, and relevant education or training. Your recruiter can share more about the specific salary range for your preferred location during the hiring process.
  
  
Please note that the compensation details listed in US role postings reflect the base salary only, and do not include bonus, equity, or benefits. Learn more about benefits at Google .
  
  
**Responsibilities**

* Conduct and lead research into the capabilities, techniques, and motivations of state sponsored espionage campaigns and actors.
* Produce and review quality written reporting on state sponsored espionage campaigns and operations.
* Prioritize research according to customer priorities and requests, and conduct briefings to present findings to internal and external stakeholders.
* Provide problem-solving expertise and guidance to members of your own team, and other teams across the organization, who are developing materials or directly supporting clients on topics related to state sponsored cyber espionage.
* Maintain awareness of geopolitical trends affecting the cyber threat landscape, including cyber operations and missions, vulnerabilities, malware development, third-party risk, geopolitics, and global events.

Google is proud to be an equal opportunity workplace and is an affirmative action employer. We are committed to equal employment opportunity regardless of race, color, ancestry, religion, sex, national origin, sexual orientation, age, citizenship, marital status, disability, gender identity or Veteran status. We also consider qualified applicants regardless of criminal histories, consistent with legal requirements. See also Google's EEO Policy and EEO is the Law. If you have a disability or special need that requires accommodation, please let us know by completing our Accommodations for Applicants form .","Information Services and Technology, Information and Internet","https://www.linkedin.com/company/google","https://media.licdn.com/dms/image/v2/C4D0BAQHiNSL4Or29cg/company-logo_100_100/company-logo_100_100/0/1631311446380?e=2147483647&v=beta&t=fpIR4mVp092kTPQiY9WCtffmz9qUqsnLCSfc0In3daE","","","","","","","","","","","","2025-06-19 05:32:38.269638","Business Analyst (Longmont, Local)"
